{
  "project_info": {
    "project_number": "873545610947",
    "project_id": "login4b20213tn032",
    "storage_bucket": "login4b20213tn032.appspot.com"
  },
  "client": [
    {
      "client_info": {
        "mobilesdk_app_id": "1:873545610947:android:f4af41314b2e4723965476",
        "android_client_info": {
          "package_name": "mx.edu.utez.login4b20213tn032"
        }
      },
      "oauth_client": [
        {
          "client_id": "873545610947-5plsb1msljomv5rinftiiqle1hrfeotj.apps.googleusercontent.com",
          "client_type": 1,
          "android_info": {
            "package_name": "mx.edu.utez.login4b20213tn032",
            "certificate_hash": "40c1cadf7c48c1e60864f3699d84ddbb4aab4c16"
          }
        },
        {
          "client_id": "873545610947-tng2u3mjfbkifesgbv49857p7pii2l99.apps.googleusercontent.com",
          "client_type": 3
        }
      ],
      "api_key": [
        {
          "current_key": "AIzaSyAMt5s8hGOetkEAwpY9KcBPaCs0me8RDn0"
        }
      ],
      "services": {
        "appinvite_service": {
          "other_platform_oauth_client": [
            {
              "client_id": "873545610947-tng2u3mjfbkifesgbv49857p7pii2l99.apps.googleusercontent.com",
              "client_type": 3
            }
          ]
        }
      }
    }
  ],
  "configuration_version": "1"
}