{
  "project_info": {
    "project_number": "608236501539",
    "project_id": "fir-4b20213tn032",
    "storage_bucket": "fir-4b20213tn032.appspot.com"
  },
  "client": [
    {
      "client_info": {
        "mobilesdk_app_id": "1:608236501539:android:76abd188e762ed8bd90f96",
        "android_client_info": {
          "package_name": "mx.edu.utez.firebase4b20213tn032"
        }
      },
      "oauth_client": [
        {
          "client_id": "608236501539-5sd3ejf47g8hg3idddoqmtqq2q9vaqoe.apps.googleusercontent.com",
          "client_type": 1,
          "android_info": {
            "package_name": "mx.edu.utez.firebase4b20213tn032",
            "certificate_hash": "40c1cadf7c48c1e60864f3699d84ddbb4aab4c16"
          }
        },
        {
          "client_id": "608236501539-7frt6eqiu6vnb0frlbirf9no0qbqpf00.apps.googleusercontent.com",
          "client_type": 3
        }
      ],
      "api_key": [
        {
          "current_key": "AIzaSyDk4lfzgrCwMg22s51QeFMTYrLhP22Gs7M"
        }
      ],
      "services": {
        "appinvite_service": {
          "other_platform_oauth_client": [
            {
              "client_id": "608236501539-7frt6eqiu6vnb0frlbirf9no0qbqpf00.apps.googleusercontent.com",
              "client_type": 3
            }
          ]
        }
      }
    }
  ],
  "configuration_version": "1"
}